<?xml version="1.0" encoding="UTF-8" standalone="yes"?><packingSlip xmlns="http://uitgifteloket.broloket.nl/types"><deliveryDate>2018-10-02T15:41:01.248+01:00</deliveryDate><customer><email>f.schaars@artesia-water.nl</email></customer><wayOfDelivery>BY_EMAIL</wayOfDelivery><deliveryType>BOTH</deliveryType><numberOfObjects>206</numberOfObjects><numberOfFiles>465</numberOfFiles><deliveredObjects><objectId>B52C0057</objectId><objectType>GWSA</objectType><x>187025.0</x><y>375490.0</y><registration_status>REGISTERED</registration_status><deliveredFiles><fileName>B52C0057.txt</fileName><fileType>DATA_FILE</fileType></deliveredFiles></deliveredObjects><deliveredObjects><objectId>B58A0042</objectId><objectType>GWSA</objectType><x>185740.0</x><y>371090.0</y><registration_status>REGISTERED</registration_status><deliveredFiles><fileName>B58A0042.txt</fileName><fileType>DATA_FILE</fileType></deliveredFiles></deliveredObjects><deliveredObjects><objectId>B58A0061</objectId><objectType>GWSA</objectType><x>187290.0</x><y>373060.0</y><registration_status>REGISTERED</registration_status><deliveredFiles><fileName>B58A0061.txt</fileName><fileType>DATA_FILE</fileType></deliveredFiles></deliveredObjects><deliveredObjects><objectId>B58A0102</objectId><objectType>GWST</objectType><x>187900.0</x><y>373025.0</y><registration_status>REGISTERED</registration_status><deliveredFiles><fileName>B58A0102001_0.csv</fileName><fileType>DATA_FILE</fileType></deliveredFiles><deliveredFiles><fileName>B58A0102001_1.csv</fileName><fileType>DATA_FILE</fileType></deliveredFiles></deliveredObjects><deliveredObjects><objectId>B58A0321</objectId><objectType>GWST</objectType><x>187760.0</x><y>371740.0</y><registration_status>REGISTERED</registration_status><deliveredFiles><fileName>B58A0321001_0.csv</fileName><fileType>DATA_FILE</fileType></deliveredFiles><deliveredFiles><fileName>B58A0321001_1.csv</fileName><fileType>DATA_FILE</fileType></deliveredFiles><deliveredFiles><fileName>B58A0321002_0.csv</fileName><fileType>DATA_FILE</fileType></deliveredFiles><deliveredFiles><fileName>B58A0321002_1.csv</fileName><fileType>DATA_FILE</fileType></deliveredFiles></deliveredObjects><deliveredObjects><objectId>B58A0063</objectId><objectType>GWST</objectType><x>188020.0</x><y>370890.0</y><registration_status>REGISTERED</registration_status><deliveredFiles><fileName>B58A0063001_0.csv</fileName><fileType>DATA_FILE</fileType></deliveredFiles><deliveredFiles><fileName>B58A0063001_1.csv</fileName><fileType>DATA_FILE</fileType></deliveredFiles></deliveredObjects><deliveredObjects><objectId>B58A0666</objectId><objectType>GWST</objectType><x>186451.0</x><y>373084.0</y><registration_status>REGISTERED</registration_status><deliveredFiles><fileName>B58A0666001_0.csv</fileName><fileType>DATA_FILE</fileType></deliveredFiles><deliveredFiles><fileName>B58A0666001_1.csv</fileName><fileType>DATA_FILE</fileType></deliveredFiles></deliveredObjects><deliveredObjects><objectId>B58A0314</objectId><objectType>GWST</objectType><x>186650.0</x><y>373591.0</y><registration_status>REGISTERED</registration_status><deliveredFiles><fileName>B58A0314001_0.csv</fileName><fileType>DATA_FILE</fileType></deliveredFiles><deliveredFiles><fileName>B58A0314001_1.csv</fileName><fileType>DATA_FILE</fileType></deliveredFiles><deliveredFiles><fileName>B58A0314002_0.csv</fileName><fileType>DATA_FILE</fileType></deliveredFiles><deliveredFiles><fileName>B58A0314002_1.csv</fileName><fileType>DATA_FILE</fileType></deliveredFiles><deliveredFiles><fileName>B58A0314003_0.csv</fileName><fileType>DATA_FILE</fileType></deliveredFiles><deliveredFiles><fileName>B58A0314003_1.csv</fileName><fileType>DATA_FILE</fileType></deliveredFiles></deliveredObjects><deliveredObjects><objectId>B58A0696</objectId><objectType>GWST</objectType><x>186655.0</x><y>373591.0</y><registration_status>REGISTERED</registration_status><deliveredFiles><fileName>B58A0696001_0.csv</fileName><fileType>DATA_FILE</fileType></deliveredFiles><deliveredFiles><fileName>B58A0696001_1.csv</fileName><fileType>DATA_FILE</fileType></deliveredFiles></deliveredObjects><deliveredObjects><objectId>B58A0695</objectId><objectType>GWST</objectType><x>186684.0</x><y>373610.0</y><registration_status>REGISTERED</registration_status><deliveredFiles><fileName>B58A0695001_0.csv</fileName><fileType>DATA_FILE</fileType></deliveredFiles><deliveredFiles><fileName>B58A0695001_1.csv</fileName><fileType>DATA_FILE</fileType></deliveredFiles></deliveredObjects><deliveredObjects><objectId>B58A0691</objectId><objectType>GWST</objectType><x>186725.0</x><y>373627.0</y><registration_status>REGISTERED</registration_status><deliveredFiles><fileName>B58A0691001_0.csv</fileName><fileType>DATA_FILE</fileType></deliveredFiles><deliveredFiles><fileName>B58A0691001_1.csv</fileName><fileType>DATA_FILE</fileType></deliveredFiles></deliveredObjects><deliveredObjects><objectId>B58A0692</objectId><objectType>GWST</objectType><x>186751.0</x><y>373648.0</y><registration_status>REGISTERED</registration_status><deliveredFiles><fileName>B58A0692001_0.csv</fileName><fileType>DATA_FILE</fileType></deliveredFiles><deliveredFiles><fileName>B58A0692001_1.csv</fileName><fileType>DATA_FILE</fileType></deliveredFiles></deliveredObjects><deliveredObjects><objectId>B58A0262</objectId><objectType>GWST</objectType><x>186820.0</x><y>373360.0</y><registration_status>REGISTERED</registration_status><deliveredFiles><fileName>B58A0262001_0.csv</fileName><fileType>DATA_FILE</fileType></deliveredFiles><deliveredFiles><fileName>B58A0262001_1.csv</fileName><fileType>DATA_FILE</fileType></deliveredFiles><deliveredFiles><fileName>B58A0262002_0.csv</fileName><fileType>DATA_FILE</fileType></deliveredFiles><deliveredFiles><fileName>B58A0262002_1.csv</fileName><fileType>DATA_FILE</fileType></deliveredFiles></deliveredObjects><deliveredObjects><objectId>B58A0693</objectId><objectType>GWST</objectType><x>186845.0</x><y>373697.0</y><registration_status>REGISTERED</registration_status><deliveredFiles><fileName>B58A0693001_0.csv</fileName><fileType>DATA_FILE</fileType></deliveredFiles><deliveredFiles><fileName>B58A0693001_1.csv</fileName><fileType>DATA_FILE</fileType></deliveredFiles></deliveredObjects><deliveredObjects><objectId>B58A0694</objectId><objectType>GWST</objectType><x>186929.0</x><y>373742.0</y><registration_status>REGISTERED</registration_status><deliveredFiles><fileName>B58A0694001_0.csv</fileName><fileType>DATA_FILE</fileType></deliveredFiles><deliveredFiles><fileName>B58A0694001_1.csv</fileName><fileType>DATA_FILE</fileType></deliveredFiles></deliveredObjects><deliveredObjects><objectId>B58A0267</objectId><objectType>GWST</objectType><x>186950.0</x><y>374370.0</y><registration_status>REGISTERED</registration_status><deliveredFiles><fileName>B58A0267001_0.csv</fileName><fileType>DATA_FILE</fileType></deliveredFiles><deliveredFiles><fileName>B58A0267001_1.csv</fileName><fileType>DATA_FILE</fileType></deliveredFiles><deliveredFiles><fileName>B58A0267002_0.csv</fileName><fileType>DATA_FILE</fileType></deliveredFiles><deliveredFiles><fileName>B58A0267002_1.csv</fileName><fileType>DATA_FILE</fileType></deliveredFiles></deliveredObjects><deliveredObjects><objectId>B58A0689</objectId><objectType>GWST</objectType><x>186962.0</x><y>373294.0</y><registration_status>REGISTERED</registration_status><deliveredFiles><fileName>B58A0689001_0.csv</fileName><fileType>DATA_FILE</fileType></deliveredFiles><deliveredFiles><fileName>B58A0689001_1.csv</fileName><fileType>DATA_FILE</fileType></deliveredFiles></deliveredObjects><deliveredObjects><objectId>B58A0263</objectId><objectType>GWST</objectType><x>186970.0</x><y>373660.0</y><registration_status>REGISTERED</registration_status><deliveredFiles><fileName>B58A0263001_0.csv</fileName><fileType>DATA_FILE</fileType></deliveredFiles><deliveredFiles><fileName>B58A0263001_1.csv</fileName><fileType>DATA_FILE</fileType></deliveredFiles></deliveredObjects><deliveredObjects><objectId>B58A0690</objectId><objectType>GWST</objectType><x>186994.0</x><y>373210.0</y><registration_status>REGISTERED</registration_status><deliveredFiles><fileName>B58A0690001_0.csv</fileName><fileType>DATA_FILE</fileType></deliveredFiles><deliveredFiles><fileName>B58A0690001_1.csv</fileName><fileType>DATA_FILE</fileType></deliveredFiles></deliveredObjects><deliveredObjects><objectId>B58A0688</objectId><objectType>GWST</objectType><x>187017.0</x><y>373340.0</y><registration_status>REGISTERED</registration_status><deliveredFiles><fileName>B58A0688001_0.csv</fileName><fileType>DATA_FILE</fileType></deliveredFiles><deliveredFiles><fileName>B58A0688001_1.csv</fileName><fileType>DATA_FILE</fileType></deliveredFiles></deliveredObjects><deliveredObjects><objectId>B58A0287</objectId><objectType>GWST</objectType><x>187180.0</x><y>373980.0</y><registration_status>REGISTERED</registration_status><deliveredFiles><fileName>B58A0287001_0.csv</fileName><fileType>DATA_FILE</fileType></deliveredFiles><deliveredFiles><fileName>B58A0287001_1.csv</fileName><fileType>DATA_FILE</fileType></deliveredFiles></deliveredObjects><deliveredObjects><objectId>B58A0265</objectId><objectType>GWST</objectType><x>187190.0</x><y>374040.0</y><registration_status>REGISTERED</registration_status><deliveredFiles><fileName>B58A0265001_0.csv</fileName><fileType>DATA_FILE</fileType></deliveredFiles><deliveredFiles><fileName>B58A0265001_1.csv</fileName><fileType>DATA_FILE</fileType></deliveredFiles></deliveredObjects><deliveredObjects><objectId>B58A0264</objectId><objectType>GWST</objectType><x>187320.0</x><y>373470.0</y><registration_status>REGISTERED</registration_status><deliveredFiles><fileName>B58A0264001_0.csv</fileName><fileType>DATA_FILE</fileType></deliveredFiles><deliveredFiles><fileName>B58A0264001_1.csv</fileName><fileType>DATA_FILE</fileType></deliveredFiles><deliveredFiles><fileName>B58A0264002_0.csv</fileName><fileType>DATA_FILE</fileType></deliveredFiles><deliveredFiles><fileName>B58A0264002_1.csv</fileName><fileType>DATA_FILE</fileType></deliveredFiles></deliveredObjects><deliveredObjects><objectId>B58A0811</objectId><objectType>GWST</objectType><x>187460.0</x><y>373918.0</y><registration_status>REGISTERED</registration_status><deliveredFiles><fileName>B58A0811001_0.csv</fileName><fileType>DATA_FILE</fileType></deliveredFiles><deliveredFiles><fileName>B58A0811001_1.csv</fileName><fileType>DATA_FILE</fileType></deliveredFiles><deliveredFiles><fileName>B58A0811002_0.csv</fileName><fileType>DATA_FILE</fileType></deliveredFiles><deliveredFiles><fileName>B58A0811002_1.csv</fileName><fileType>DATA_FILE</fileType></deliveredFiles></deliveredObjects><deliveredObjects><objectId>B52C2111</objectId><objectType>GWST</objectType><x>184929.0</x><y>375156.0</y><registration_status>REGISTERED</registration_status><deliveredFiles><fileName>B52C2111001_0.csv</fileName><fileType>DATA_FILE</fileType></deliveredFiles><deliveredFiles><fileName>B52C2111001_1.csv</fileName><fileType>DATA_FILE</fileType></deliveredFiles><deliveredFiles><fileName>B52C2111002_0.csv</fileName><fileType>DATA_FILE</fileType></deliveredFiles><deliveredFiles><fileName>B52C2111002_1.csv</fileName><fileType>DATA_FILE</fileType></deliveredFiles></deliveredObjects><deliveredObjects><objectId>B52C2112</objectId><objectType>GWST</objectType><x>185027.0</x><y>375245.0</y><registration_status>REGISTERED</registration_status><deliveredFiles><fileName>B52C2112001_0.csv</fileName><fileType>DATA_FILE</fileType></deliveredFiles><deliveredFiles><fileName>B52C2112001_1.csv</fileName><fileType>DATA_FILE</fileType></deliveredFiles></deliveredObjects><deliveredObjects><objectId>B52C2113</objectId><objectType>GWST</objectType><x>185028.0</x><y>375244.0</y><registration_status>REGISTERED</registration_status><deliveredFiles><fileName>B52C2113001_0.csv</fileName><fileType>DATA_FILE</fileType></deliveredFiles><deliveredFiles><fileName>B52C2113001_1.csv</fileName><fileType>DATA_FILE</fileType></deliveredFiles></deliveredObjects><deliveredObjects><objectId>B52C2114</objectId><objectType>GWST</objectType><x>185030.0</x><y>375244.0</y><registration_status>REGISTERED</registration_status><deliveredFiles><fileName>B52C2114001_0.csv</fileName><fileType>DATA_FILE</fileType></deliveredFiles><deliveredFiles><fileName>B52C2114001_1.csv</fileName><fileType>DATA_FILE</fileType></deliveredFiles></deliveredObjects><deliveredObjects><objectId>B58A0271</objectId><objectType>GWST</objectType><x>185030.0</x><y>374870.0</y><registration_status>REGISTERED</registration_status><deliveredFiles><fileName>B58A0271001_0.csv</fileName><fileType>DATA_FILE</fileType></deliveredFiles><deliveredFiles><fileName>B58A0271001_1.csv</fileName><fileType>DATA_FILE</fileType></deliveredFiles><deliveredFiles><fileName>B58A0271002_0.csv</fileName><fileType>DATA_FILE</fileType></deliveredFiles><deliveredFiles><fileName>B58A0271002_1.csv</fileName><fileType>DATA_FILE</fileType></deliveredFiles></deliveredObjects><deliveredObjects><objectId>B52C2115</objectId><objectType>GWST</objectType><x>185236.0</x><y>375084.0</y><registration_status>REGISTERED</registration_status><deliveredFiles><fileName>B52C2115001_0.csv</fileName><fileType>DATA_FILE</fileType></deliveredFiles><deliveredFiles><fileName>B52C2115001_1.csv</fileName><fileType>DATA_FILE</fileType></deliveredFiles></deliveredObjects><deliveredObjects><objectId>B58A0955</objectId><objectType>GWST</objectType><x>185287.0</x><y>374777.0</y><registration_status>REGISTERED</registration_status><deliveredFiles><fileName>B58A0955001_0.csv</fileName><fileType>DATA_FILE</fileType></deliveredFiles><deliveredFiles><fileName>B58A0955001_1.csv</fileName><fileType>DATA_FILE</fileType></deliveredFiles></deliveredObjects><deliveredObjects><objectId>B58A0315</objectId><objectType>GWST</objectType><x>186820.0</x><y>374720.0</y><registration_status>REGISTERED</registration_status><deliveredFiles><fileName>B58A0315001_0.csv</fileName><fileType>DATA_FILE</fileType></deliveredFiles><deliveredFiles><fileName>B58A0315001_1.csv</fileName><fileType>DATA_FILE</fileType></deliveredFiles><deliveredFiles><fileName>B58A0315002_0.csv</fileName><fileType>DATA_FILE</fileType></deliveredFiles><deliveredFiles><fileName>B58A0315002_1.csv</fileName><fileType>DATA_FILE</fileType></deliveredFiles><deliveredFiles><fileName>B58A0315003_0.csv</fileName><fileType>DATA_FILE</fileType></deliveredFiles><deliveredFiles><fileName>B58A0315003_1.csv</fileName><fileType>DATA_FILE</fileType></deliveredFiles><deliveredFiles><fileName>B58A0315004_0.csv</fileName><fileType>DATA_FILE</fileType></deliveredFiles><deliveredFiles><fileName>B58A0315004_1.csv</fileName><fileType>DATA_FILE</fileType></deliveredFiles></deliveredObjects><deliveredObjects><objectId>B58A0800</objectId><objectType>GWST</objectType><x>186834.0</x><y>374648.0</y><registration_status>REGISTERED</registration_status><deliveredFiles><fileName>B58A0800001_0.csv</fileName><fileType>DATA_FILE</fileType></deliveredFiles><deliveredFiles><fileName>B58A0800001_1.csv</fileName><fileType>DATA_FILE</fileType></deliveredFiles><deliveredFiles><fileName>B58A0800002_0.csv</fileName><fileType>DATA_FILE</fileType></deliveredFiles><deliveredFiles><fileName>B58A0800002_1.csv</fileName><fileType>DATA_FILE</fileType></deliveredFiles></deliveredObjects><deliveredObjects><objectId>B52C0574</objectId><objectType>GWST</objectType><x>187240.0</x><y>375040.0</y><registration_status>REGISTERED</registration_status><deliveredFiles><fileName>B52C0574001_0.csv</fileName><fileType>DATA_FILE</fileType></deliveredFiles><deliveredFiles><fileName>B52C0574001_1.csv</fileName><fileType>DATA_FILE</fileType></deliveredFiles><deliveredFiles><fileName>B52C0574002_0.csv</fileName><fileType>DATA_FILE</fileType></deliveredFiles><deliveredFiles><fileName>B52C0574002_1.csv</fileName><fileType>DATA_FILE</fileType></deliveredFiles></deliveredObjects><deliveredObjects><objectId>B52C0051</objectId><objectType>GWST</objectType><x>187290.0</x><y>375150.0</y><registration_status>REGISTERED</registration_status><deliveredFiles><fileName>B52C0051001_0.csv</fileName><fileType>DATA_FILE</fileType></deliveredFiles><deliveredFiles><fileName>B52C0051001_1.csv</fileName><fileType>DATA_FILE</fileType></deliveredFiles></deliveredObjects><deliveredObjects><objectId>B58A0268</objectId><objectType>GWST</objectType><x>187430.0</x><y>374700.0</y><registration_status>REGISTERED</registration_status><deliveredFiles><fileName>B58A0268001_0.csv</fileName><fileType>DATA_FILE</fileType></deliveredFiles><deliveredFiles><fileName>B58A0268001_1.csv</fileName><fileType>DATA_FILE</fileType></deliveredFiles></deliveredObjects><deliveredObjects><objectId>B52C0482</objectId><objectType>GWST</objectType><x>188050.0</x><y>375090.0</y><registration_status>REGISTERED</registration_status><deliveredFiles><fileName>B52C0482001_0.csv</fileName><fileType>DATA_FILE</fileType></deliveredFiles><deliveredFiles><fileName>B52C0482001_1.csv</fileName><fileType>DATA_FILE</fileType></deliveredFiles></deliveredObjects><deliveredObjects><objectId>B58A0042</objectId><objectType>GWST</objectType><x>185740.0</x><y>371090.0</y><registration_status>REGISTERED</registration_status><deliveredFiles><fileName>B58A0042001_0.csv</fileName><fileType>DATA_FILE</fileType></deliveredFiles><deliveredFiles><fileName>B58A0042001_1.csv</fileName><fileType>DATA_FILE</fileType></deliveredFiles></deliveredObjects><deliveredObjects><objectId>B58A0167</objectId><objectType>GWST</objectType><x>185745.0</x><y>371095.0</y><registration_status>REGISTERED</registration_status><deliveredFiles><fileName>B58A0167001_0.csv</fileName><fileType>DATA_FILE</fileType></deliveredFiles><deliveredFiles><fileName>B58A0167001_1.csv</fileName><fileType>DATA_FILE</fileType></deliveredFiles></deliveredObjects><deliveredObjects><objectId>B58A0252</objectId><objectType>GWST</objectType><x>184680.0</x><y>371220.0</y><registration_status>REGISTERED</registration_status><deliveredFiles><fileName>B58A0252001_0.csv</fileName><fileType>DATA_FILE</fileType></deliveredFiles><deliveredFiles><fileName>B58A0252001_1.csv</fileName><fileType>DATA_FILE</fileType></deliveredFiles><deliveredFiles><fileName>B58A0252002_0.csv</fileName><fileType>DATA_FILE</fileType></deliveredFiles><deliveredFiles><fileName>B58A0252002_1.csv</fileName><fileType>DATA_FILE</fileType></deliveredFiles></deliveredObjects><deliveredObjects><objectId>B58A0797</objectId><objectType>GWST</objectType><x>185746.0</x><y>371222.0</y><registration_status>REGISTERED</registration_status><deliveredFiles><fileName>B58A0797001_0.csv</fileName><fileType>DATA_FILE</fileType></deliveredFiles><deliveredFiles><fileName>B58A0797001_1.csv</fileName><fileType>DATA_FILE</fileType></deliveredFiles></deliveredObjects><deliveredObjects><objectId>B58A0297</objectId><objectType>GWST</objectType><x>185050.0</x><y>371240.0</y><registration_status>REGISTERED</registration_status><deliveredFiles><fileName>B58A0297001_0.csv</fileName><fileType>DATA_FILE</fileType></deliveredFiles><deliveredFiles><fileName>B58A0297001_1.csv</fileName><fileType>DATA_FILE</fileType></deliveredFiles></deliveredObjects><deliveredObjects><objectId>B58A0298</objectId><objectType>GWST</objectType><x>184800.0</x><y>371710.0</y><registration_status>REGISTERED</registration_status><deliveredFiles><fileName>B58A0298001_0.csv</fileName><fileType>DATA_FILE</fileType></deliveredFiles><deliveredFiles><fileName>B58A0298001_1.csv</fileName><fileType>DATA_FILE</fileType></deliveredFiles></deliveredObjects><deliveredObjects><objectId>B58A0255</objectId><objectType>GWST</objectType><x>185130.0</x><y>371720.0</y><registration_status>REGISTERED</registration_status><deliveredFiles><fileName>B58A0255001_0.csv</fileName><fileType>DATA_FILE</fileType></deliveredFiles><deliveredFiles><fileName>B58A0255001_1.csv</fileName><fileType>DATA_FILE</fileType></deliveredFiles></deliveredObjects><deliveredObjects><objectId>B58A0665</objectId><objectType>GWST</objectType><x>185179.0</x><y>371869.0</y><registration_status>REGISTERED</registration_status><deliveredFiles><fileName>B58A0665001_0.csv</fileName><fileType>DATA_FILE</fileType></deliveredFiles><deliveredFiles><fileName>B58A0665001_1.csv</fileName><fileType>DATA_FILE</fileType></deliveredFiles></deliveredObjects><deliveredObjects><objectId>B58A0307</objectId><objectType>GWST</objectType><x>185500.0</x><y>371910.0</y><registration_status>REGISTERED</registration_status><deliveredFiles><fileName>B58A0307001_0.csv</fileName><fileType>DATA_FILE</fileType></deliveredFiles><deliveredFiles><fileName>B58A0307001_1.csv</fileName><fileType>DATA_FILE</fileType></deliveredFiles><deliveredFiles><fileName>B58A0307002_0.csv</fileName><fileType>DATA_FILE</fileType></deliveredFiles><deliveredFiles><fileName>B58A0307002_1.csv</fileName><fileType>DATA_FILE</fileType></deliveredFiles></deliveredObjects><deliveredObjects><objectId>B58A0092</objectId><objectType>GWST</objectType><x>186924.0</x><y>372026.0</y><registration_status>REGISTERED</registration_status><deliveredFiles><fileName>B58A0092001_0.csv</fileName><fileType>DATA_FILE</fileType></deliveredFiles><deliveredFiles><fileName>B58A0092001_1.csv</fileName><fileType>DATA_FILE</fileType></deliveredFiles><deliveredFiles><fileName>B58A0092002_0.csv</fileName><fileType>DATA_FILE</fileType></deliveredFiles><deliveredFiles><fileName>B58A0092002_1.csv</fileName><fileType>DATA_FILE</fileType></deliveredFiles><deliveredFiles><fileName>B58A0092003_0.csv</fileName><fileType>DATA_FILE</fileType></deliveredFiles><deliveredFiles><fileName>B58A0092003_1.csv</fileName><fileType>DATA_FILE</fileType></deliveredFiles><deliveredFiles><fileName>B58A0092004_0.csv</fileName><fileType>DATA_FILE</fileType></deliveredFiles><deliveredFiles><fileName>B58A0092004_1.csv</fileName><fileType>DATA_FILE</fileType></deliveredFiles><deliveredFiles><fileName>B58A0092005_0.csv</fileName><fileType>DATA_FILE</fileType></deliveredFiles><deliveredFiles><fileName>B58A0092005_1.csv</fileName><fileType>DATA_FILE</fileType></deliveredFiles></deliveredObjects><deliveredObjects><objectId>B58A0292</objectId><objectType>GWST</objectType><x>186100.0</x><y>372100.0</y><registration_status>REGISTERED</registration_status><deliveredFiles><fileName>B58A0292001_0.csv</fileName><fileType>DATA_FILE</fileType></deliveredFiles><deliveredFiles><fileName>B58A0292001_1.csv</fileName><fileType>DATA_FILE</fileType></deliveredFiles></deliveredObjects><deliveredObjects><objectId>B58A0259</objectId><objectType>GWST</objectType><x>185590.0</x><y>372430.0</y><registration_status>REGISTERED</registration_status><deliveredFiles><fileName>B58A0259001_0.csv</fileName><fileType>DATA_FILE</fileType></deliveredFiles><deliveredFiles><fileName>B58A0259001_1.csv</fileName><fileType>DATA_FILE</fileType></deliveredFiles><deliveredFiles><fileName>B58A0259002_0.csv</fileName><fileType>DATA_FILE</fileType></deliveredFiles><deliveredFiles><fileName>B58A0259002_1.csv</fileName><fileType>DATA_FILE</fileType></deliveredFiles></deliveredObjects><deliveredObjects><objectId>B58A0313</objectId><objectType>GWST</objectType><x>185590.0</x><y>372440.0</y><registration_status>REGISTERED</registration_status><deliveredFiles><fileName>B58A0313001_0.csv</fileName><fileType>DATA_FILE</fileType></deliveredFiles><deliveredFiles><fileName>B58A0313001_1.csv</fileName><fileType>DATA_FILE</fileType></deliveredFiles><deliveredFiles><fileName>B58A0313002_0.csv</fileName><fileType>DATA_FILE</fileType></deliveredFiles><deliveredFiles><fileName>B58A0313002_1.csv</fileName><fileType>DATA_FILE</fileType></deliveredFiles><deliveredFiles><fileName>B58A0313003_0.csv</fileName><fileType>DATA_FILE</fileType></deliveredFiles><deliveredFiles><fileName>B58A0313003_1.csv</fileName><fileType>DATA_FILE</fileType></deliveredFiles><deliveredFiles><fileName>B58A0313004_0.csv</fileName><fileType>DATA_FILE</fileType></deliveredFiles><deliveredFiles><fileName>B58A0313004_1.csv</fileName><fileType>DATA_FILE</fileType></deliveredFiles></deliveredObjects><deliveredObjects><objectId>B58A0254</objectId><objectType>GWST</objectType><x>185020.0</x><y>372470.0</y><registration_status>REGISTERED</registration_status><deliveredFiles><fileName>B58A0254001_0.csv</fileName><fileType>DATA_FILE</fileType></deliveredFiles><deliveredFiles><fileName>B58A0254001_1.csv</fileName><fileType>DATA_FILE</fileType></deliveredFiles><deliveredFiles><fileName>B58A0254002_0.csv</fileName><fileType>DATA_FILE</fileType></deliveredFiles><deliveredFiles><fileName>B58A0254002_1.csv</fileName><fileType>DATA_FILE</fileType></deliveredFiles><deliveredFiles><fileName>B58A0254003_0.csv</fileName><fileType>DATA_FILE</fileType></deliveredFiles><deliveredFiles><fileName>B58A0254003_1.csv</fileName><fileType>DATA_FILE</fileType></deliveredFiles></deliveredObjects><deliveredObjects><objectId>B58A0664</objectId><objectType>GWST</objectType><x>184984.0</x><y>372723.0</y><registration_status>REGISTERED</registration_status><deliveredFiles><fileName>B58A0664001_0.csv</fileName><fileType>DATA_FILE</fileType></deliveredFiles><deliveredFiles><fileName>B58A0664001_1.csv</fileName><fileType>DATA_FILE</fileType></deliveredFiles></deliveredObjects><deliveredObjects><objectId>B58A0260</objectId><objectType>GWST</objectType><x>186110.0</x><y>372780.0</y><registration_status>REGISTERED</registration_status><deliveredFiles><fileName>B58A0260001_0.csv</fileName><fileType>DATA_FILE</fileType></deliveredFiles><deliveredFiles><fileName>B58A0260001_1.csv</fileName><fileType>DATA_FILE</fileType></deliveredFiles><deliveredFiles><fileName>B58A0260002_0.csv</fileName><fileType>DATA_FILE</fileType></deliveredFiles><deliveredFiles><fileName>B58A0260002_1.csv</fileName><fileType>DATA_FILE</fileType></deliveredFiles></deliveredObjects><deliveredObjects><objectId>B58A0257</objectId><objectType>GWST</objectType><x>184720.0</x><y>372900.0</y><registration_status>REGISTERED</registration_status><deliveredFiles><fileName>B58A0257001_0.csv</fileName><fileType>DATA_FILE</fileType></deliveredFiles><deliveredFiles><fileName>B58A0257001_1.csv</fileName><fileType>DATA_FILE</fileType></deliveredFiles><deliveredFiles><fileName>B58A0257002_0.csv</fileName><fileType>DATA_FILE</fileType></deliveredFiles><deliveredFiles><fileName>B58A0257002_1.csv</fileName><fileType>DATA_FILE</fileType></deliveredFiles></deliveredObjects><deliveredObjects><objectId>B58A0239</objectId><objectType>GWST</objectType><x>187290.0</x><y>373060.0</y><registration_status>REGISTERED</registration_status><deliveredFiles><fileName>B58A0239001_0.csv</fileName><fileType>DATA_FILE</fileType></deliveredFiles><deliveredFiles><fileName>B58A0239001_1.csv</fileName><fileType>DATA_FILE</fileType></deliveredFiles></deliveredObjects><deliveredObjects><objectId>B58A0061</objectId><objectType>GWST</objectType><x>187290.0</x><y>373060.0</y><registration_status>REGISTERED</registration_status><deliveredFiles><fileName>B58A0061001_0.csv</fileName><fileType>DATA_FILE</fileType></deliveredFiles><deliveredFiles><fileName>B58A0061001_1.csv</fileName><fileType>DATA_FILE</fileType></deliveredFiles></deliveredObjects><deliveredObjects><objectId>B58A0258</objectId><objectType>GWST</objectType><x>185630.0</x><y>373070.0</y><registration_status>REGISTERED</registration_status><deliveredFiles><fileName>B58A0258001_0.csv</fileName><fileType>DATA_FILE</fileType></deliveredFiles><deliveredFiles><fileName>B58A0258001_1.csv</fileName><fileType>DATA_FILE</fileType></deliveredFiles><deliveredFiles><fileName>B58A0258002_0.csv</fileName><fileType>DATA_FILE</fileType></deliveredFiles><deliveredFiles><fileName>B58A0258002_1.csv</fileName><fileType>DATA_FILE</fileType></deliveredFiles></deliveredObjects><deliveredObjects><objectId>B58A0272</objectId><objectType>GWST</objectType><x>184430.0</x><y>374210.0</y><registration_status>REGISTERED</registration_status><deliveredFiles><fileName>B58A0272001_0.csv</fileName><fileType>DATA_FILE</fileType></deliveredFiles><deliveredFiles><fileName>B58A0272001_1.csv</fileName><fileType>DATA_FILE</fileType></deliveredFiles><deliveredFiles><fileName>B58A0272002_0.csv</fileName><fileType>DATA_FILE</fileType></deliveredFiles><deliveredFiles><fileName>B58A0272002_1.csv</fileName><fileType>DATA_FILE</fileType></deliveredFiles></deliveredObjects><deliveredObjects><objectId>B58A0312</objectId><objectType>GWST</objectType><x>184820.0</x><y>373400.0</y><registration_status>REGISTERED</registration_status><deliveredFiles><fileName>B58A0312001_0.csv</fileName><fileType>DATA_FILE</fileType></deliveredFiles><deliveredFiles><fileName>B58A0312001_1.csv</fileName><fileType>DATA_FILE</fileType></deliveredFiles><deliveredFiles><fileName>B58A0312002_0.csv</fileName><fileType>DATA_FILE</fileType></deliveredFiles><deliveredFiles><fileName>B58A0312002_1.csv</fileName><fileType>DATA_FILE</fileType></deliveredFiles><deliveredFiles><fileName>B58A0312003_0.csv</fileName><fileType>DATA_FILE</fileType></deliveredFiles><deliveredFiles><fileName>B58A0312003_1.csv</fileName><fileType>DATA_FILE</fileType></deliveredFiles></deliveredObjects><deliveredObjects><objectId>B58A0274</objectId><objectType>GWST</objectType><x>185020.0</x><y>373830.0</y><registration_status>REGISTERED</registration_status><deliveredFiles><fileName>B58A0274001_0.csv</fileName><fileType>DATA_FILE</fileType></deliveredFiles><deliveredFiles><fileName>B58A0274001_1.csv</fileName><fileType>DATA_FILE</fileType></deliveredFiles><deliveredFiles><fileName>B58A0274002_0.csv</fileName><fileType>DATA_FILE</fileType></deliveredFiles><deliveredFiles><fileName>B58A0274002_1.csv</fileName><fileType>DATA_FILE</fileType></deliveredFiles><deliveredFiles><fileName>B58A0274003_0.csv</fileName><fileType>DATA_FILE</fileType></deliveredFiles><deliveredFiles><fileName>B58A0274003_1.csv</fileName><fileType>DATA_FILE</fileType></deliveredFiles></deliveredObjects><deliveredObjects><objectId>B58A0273</objectId><objectType>GWST</objectType><x>185470.0</x><y>374400.0</y><registration_status>REGISTERED</registration_status><deliveredFiles><fileName>B58A0273001_0.csv</fileName><fileType>DATA_FILE</fileType></deliveredFiles><deliveredFiles><fileName>B58A0273001_1.csv</fileName><fileType>DATA_FILE</fileType></deliveredFiles><deliveredFiles><fileName>B58A0273002_0.csv</fileName><fileType>DATA_FILE</fileType></deliveredFiles><deliveredFiles><fileName>B58A0273002_1.csv</fileName><fileType>DATA_FILE</fileType></deliveredFiles></deliveredObjects><deliveredObjects><objectId>B58A0060</objectId><objectType>GWST</objectType><x>185531.0</x><y>373981.0</y><registration_status>REGISTERED</registration_status><deliveredFiles><fileName>B58A0060001_0.csv</fileName><fileType>DATA_FILE</fileType></deliveredFiles><deliveredFiles><fileName>B58A0060001_1.csv</fileName><fileType>DATA_FILE</fileType></deliveredFiles></deliveredObjects><deliveredObjects><objectId>B58A0213</objectId><objectType>GWST</objectType><x>185531.0</x><y>373981.0</y><registration_status>REGISTERED</registration_status><deliveredFiles><fileName>B58A0213001_0.csv</fileName><fileType>DATA_FILE</fileType></deliveredFiles><deliveredFiles><fileName>B58A0213001_1.csv</fileName><fileType>DATA_FILE</fileType></deliveredFiles></deliveredObjects><deliveredObjects><objectId>B58A0801</objectId><objectType>GWST</objectType><x>185533.0</x><y>374077.0</y><registration_status>REGISTERED</registration_status><deliveredFiles><fileName>B58A0801001_0.csv</fileName><fileType>DATA_FILE</fileType></deliveredFiles><deliveredFiles><fileName>B58A0801001_1.csv</fileName><fileType>DATA_FILE</fileType></deliveredFiles><deliveredFiles><fileName>B58A0801002_0.csv</fileName><fileType>DATA_FILE</fileType></deliveredFiles><deliveredFiles><fileName>B58A0801002_1.csv</fileName><fileType>DATA_FILE</fileType></deliveredFiles></deliveredObjects><deliveredObjects><objectId>B58A0366</objectId><objectType>GWST</objectType><x>185534.0</x><y>374076.0</y><registration_status>REGISTERED</registration_status><deliveredFiles><fileName>B58A0366001_0.csv</fileName><fileType>DATA_FILE</fileType></deliveredFiles><deliveredFiles><fileName>B58A0366001_1.csv</fileName><fileType>DATA_FILE</fileType></deliveredFiles><deliveredFiles><fileName>B58A0366002_0.csv</fileName><fileType>DATA_FILE</fileType></deliveredFiles><deliveredFiles><fileName>B58A0366002_1.csv</fileName><fileType>DATA_FILE</fileType></deliveredFiles></deliveredObjects><deliveredObjects><objectId>B58A0286</objectId><objectType>GWST</objectType><x>185770.0</x><y>374600.0</y><registration_status>REGISTERED</registration_status><deliveredFiles><fileName>B58A0286001_0.csv</fileName><fileType>DATA_FILE</fileType></deliveredFiles><deliveredFiles><fileName>B58A0286001_1.csv</fileName><fileType>DATA_FILE</fileType></deliveredFiles></deliveredObjects><deliveredObjects><objectId>B58A0246</objectId><objectType>GWST</objectType><x>185820.0</x><y>374180.0</y><registration_status>REGISTERED</registration_status><deliveredFiles><fileName>B58A0246001_0.csv</fileName><fileType>DATA_FILE</fileType></deliveredFiles><deliveredFiles><fileName>B58A0246001_1.csv</fileName><fileType>DATA_FILE</fileType></deliveredFiles><deliveredFiles><fileName>B58A0246002_0.csv</fileName><fileType>DATA_FILE</fileType></deliveredFiles><deliveredFiles><fileName>B58A0246002_1.csv</fileName><fileType>DATA_FILE</fileType></deliveredFiles></deliveredObjects><deliveredObjects><objectId>B58A0699</objectId><objectType>GWST</objectType><x>186043.0</x><y>374030.0</y><registration_status>REGISTERED</registration_status><deliveredFiles><fileName>B58A0699001_0.csv</fileName><fileType>DATA_FILE</fileType></deliveredFiles><deliveredFiles><fileName>B58A0699001_1.csv</fileName><fileType>DATA_FILE</fileType></deliveredFiles></deliveredObjects><deliveredObjects><objectId>B58A0698</objectId><objectType>GWST</objectType><x>186076.0</x><y>374070.0</y><registration_status>REGISTERED</registration_status><deliveredFiles><fileName>B58A0698001_0.csv</fileName><fileType>DATA_FILE</fileType></deliveredFiles><deliveredFiles><fileName>B58A0698001_1.csv</fileName><fileType>DATA_FILE</fileType></deliveredFiles></deliveredObjects><deliveredObjects><objectId>B58A0269</objectId><objectType>GWST</objectType><x>186080.0</x><y>374390.0</y><registration_status>REGISTERED</registration_status><deliveredFiles><fileName>B58A0269001_0.csv</fileName><fileType>DATA_FILE</fileType></deliveredFiles><deliveredFiles><fileName>B58A0269001_1.csv</fileName><fileType>DATA_FILE</fileType></deliveredFiles><deliveredFiles><fileName>B58A0269002_0.csv</fileName><fileType>DATA_FILE</fileType></deliveredFiles><deliveredFiles><fileName>B58A0269002_1.csv</fileName><fileType>DATA_FILE</fileType></deliveredFiles></deliveredObjects><deliveredObjects><objectId>B58A0829</objectId><objectType>GWST</objectType><x>186090.0</x><y>374095.0</y><registration_status>REGISTERED</registration_status><deliveredFiles><fileName>B58A0829001_0.csv</fileName><fileType>DATA_FILE</fileType></deliveredFiles><deliveredFiles><fileName>B58A0829001_1.csv</fileName><fileType>DATA_FILE</fileType></deliveredFiles></deliveredObjects><deliveredObjects><objectId>B58A0697</objectId><objectType>GWST</objectType><x>186098.0</x><y>374099.0</y><registration_status>REGISTERED</registration_status><deliveredFiles><fileName>B58A0697001_0.csv</fileName><fileType>DATA_FILE</fileType></deliveredFiles><deliveredFiles><fileName>B58A0697001_1.csv</fileName><fileType>DATA_FILE</fileType></deliveredFiles></deliveredObjects><deliveredObjects><objectId>B58A0270</objectId><objectType>GWST</objectType><x>186100.0</x><y>373800.0</y><registration_status>REGISTERED</registration_status><deliveredFiles><fileName>B58A0270001_0.csv</fileName><fileType>DATA_FILE</fileType></deliveredFiles><deliveredFiles><fileName>B58A0270001_1.csv</fileName><fileType>DATA_FILE</fileType></deliveredFiles></deliveredObjects><deliveredObjects><objectId>B58A0261</objectId><objectType>GWST</objectType><x>186150.0</x><y>373300.0</y><registration_status>REGISTERED</registration_status><deliveredFiles><fileName>B58A0261001_0.csv</fileName><fileType>DATA_FILE</fileType></deliveredFiles><deliveredFiles><fileName>B58A0261001_1.csv</fileName><fileType>DATA_FILE</fileType></deliveredFiles><deliveredFiles><fileName>B58A0261002_0.csv</fileName><fileType>DATA_FILE</fileType></deliveredFiles><deliveredFiles><fileName>B58A0261002_1.csv</fileName><fileType>DATA_FILE</fileType></deliveredFiles></deliveredObjects><deliveredObjects><objectId>B58A0266</objectId><objectType>GWST</objectType><x>186333.0</x><y>373990.0</y><registration_status>REGISTERED</registration_status><deliveredFiles><fileName>B58A0266001_0.csv</fileName><fileType>DATA_FILE</fileType></deliveredFiles><deliveredFiles><fileName>B58A0266001_1.csv</fileName><fileType>DATA_FILE</fileType></deliveredFiles></deliveredObjects><deliveredObjects><objectId>B58A0663</objectId><objectType>GWST</objectType><x>184237.0</x><y>371006.0</y><registration_status>REGISTERED</registration_status><deliveredFiles><fileName>B58A0663001_0.csv</fileName><fileType>DATA_FILE</fileType></deliveredFiles><deliveredFiles><fileName>B58A0663001_1.csv</fileName><fileType>DATA_FILE</fileType></deliveredFiles></deliveredObjects><deliveredObjects><objectId>B58A0322</objectId><objectType>GWST</objectType><x>183800.0</x><y>371050.0</y><registration_status>REGISTERED</registration_status><deliveredFiles><fileName>B58A0322001_0.csv</fileName><fileType>DATA_FILE</fileType></deliveredFiles><deliveredFiles><fileName>B58A0322001_1.csv</fileName><fileType>DATA_FILE</fileType></deliveredFiles><deliveredFiles><fileName>B58A0322002_0.csv</fileName><fileType>DATA_FILE</fileType></deliveredFiles><deliveredFiles><fileName>B58A0322002_1.csv</fileName><fileType>DATA_FILE</fileType></deliveredFiles></deliveredObjects><deliveredObjects><objectId>B58A0281</objectId><objectType>GWST</objectType><x>183600.0</x><y>373020.0</y><registration_status>REGISTERED</registration_status><deliveredFiles><fileName>B58A0281001_0.csv</fileName><fileType>DATA_FILE</fileType></deliveredFiles><deliveredFiles><fileName>B58A0281001_1.csv</fileName><fileType>DATA_FILE</fileType></deliveredFiles></deliveredObjects><deliveredObjects><objectId>B58A0212</objectId><objectType>GWST</objectType><x>183600.0</x><y>373020.0</y><registration_status>REGISTERED</registration_status><deliveredFiles><fileName>B58A0212001_0.csv</fileName><fileType>DATA_FILE</fileType></deliveredFiles><deliveredFiles><fileName>B58A0212001_1.csv</fileName><fileType>DATA_FILE</fileType></deliveredFiles></deliveredObjects><deliveredObjects><objectId>B58A0245</objectId><objectType>GWST</objectType><x>183600.0</x><y>373020.0</y><registration_status>REGISTERED</registration_status><deliveredFiles><fileName>B58A0245001_0.csv</fileName><fileType>DATA_FILE</fileType></deliveredFiles><deliveredFiles><fileName>B58A0245001_1.csv</fileName><fileType>DATA_FILE</fileType></deliveredFiles></deliveredObjects><deliveredObjects><objectId>B58A0305</objectId><objectType>GWST</objectType><x>182500.0</x><y>373200.0</y><registration_status>REGISTERED</registration_status><deliveredFiles><fileName>B58A0305001_0.csv</fileName><fileType>DATA_FILE</fileType></deliveredFiles><deliveredFiles><fileName>B58A0305001_1.csv</fileName><fileType>DATA_FILE</fileType></deliveredFiles><deliveredFiles><fileName>B58A0305002_0.csv</fileName><fileType>DATA_FILE</fileType></deliveredFiles><deliveredFiles><fileName>B58A0305002_1.csv</fileName><fileType>DATA_FILE</fileType></deliveredFiles></deliveredObjects><deliveredObjects><objectId>B58A0248</objectId><objectType>GWST</objectType><x>183430.0</x><y>373220.0</y><registration_status>REGISTERED</registration_status><deliveredFiles><fileName>B58A0248001_0.csv</fileName><fileType>DATA_FILE</fileType></deliveredFiles><deliveredFiles><fileName>B58A0248001_1.csv</fileName><fileType>DATA_FILE</fileType></deliveredFiles></deliveredObjects><deliveredObjects><objectId>B58A0339</objectId><objectType>GWST</objectType><x>183740.0</x><y>373270.0</y><registration_status>REGISTERED</registration_status><deliveredFiles><fileName>B58A0339001_0.csv</fileName><fileType>DATA_FILE</fileType></deliveredFiles><deliveredFiles><fileName>B58A0339001_1.csv</fileName><fileType>DATA_FILE</fileType></deliveredFiles><deliveredFiles><fileName>B58A0339002_0.csv</fileName><fileType>DATA_FILE</fileType></deliveredFiles><deliveredFiles><fileName>B58A0339002_1.csv</fileName><fileType>DATA_FILE</fileType></deliveredFiles><deliveredFiles><fileName>B58A0339003_0.csv</fileName><fileType>DATA_FILE</fileType></deliveredFiles><deliveredFiles><fileName>B58A0339003_1.csv</fileName><fileType>DATA_FILE</fileType></deliveredFiles><deliveredFiles><fileName>B58A0339004_0.csv</fileName><fileType>DATA_FILE</fileType></deliveredFiles><deliveredFiles><fileName>B58A0339004_1.csv</fileName><fileType>DATA_FILE</fileType></deliveredFiles><deliveredFiles><fileName>B58A0339005_0.csv</fileName><fileType>DATA_FILE</fileType></deliveredFiles><deliveredFiles><fileName>B58A0339005_1.csv</fileName><fileType>DATA_FILE</fileType></deliveredFiles><deliveredFiles><fileName>B58A0339006_0.csv</fileName><fileType>DATA_FILE</fileType></deliveredFiles><deliveredFiles><fileName>B58A0339006_1.csv</fileName><fileType>DATA_FILE</fileType></deliveredFiles></deliveredObjects><deliveredObjects><objectId>B58A0319</objectId><objectType>GWST</objectType><x>183220.0</x><y>373300.0</y><registration_status>REGISTERED</registration_status><deliveredFiles><fileName>B58A0319001_0.csv</fileName><fileType>DATA_FILE</fileType></deliveredFiles><deliveredFiles><fileName>B58A0319001_1.csv</fileName><fileType>DATA_FILE</fileType></deliveredFiles><deliveredFiles><fileName>B58A0319002_0.csv</fileName><fileType>DATA_FILE</fileType></deliveredFiles><deliveredFiles><fileName>B58A0319002_1.csv</fileName><fileType>DATA_FILE</fileType></deliveredFiles></deliveredObjects><deliveredObjects><objectId>B58A0244</objectId><objectType>GWST</objectType><x>183920.0</x><y>373420.0</y><registration_status>REGISTERED</registration_status><deliveredFiles><fileName>B58A0244001_0.csv</fileName><fileType>DATA_FILE</fileType></deliveredFiles><deliveredFiles><fileName>B58A0244001_1.csv</fileName><fileType>DATA_FILE</fileType></deliveredFiles></deliveredObjects><deliveredObjects><objectId>B58A0306</objectId><objectType>GWST</objectType><x>183470.0</x><y>373460.0</y><registration_status>REGISTERED</registration_status><deliveredFiles><fileName>B58A0306001_0.csv</fileName><fileType>DATA_FILE</fileType></deliveredFiles><deliveredFiles><fileName>B58A0306001_1.csv</fileName><fileType>DATA_FILE</fileType></deliveredFiles><deliveredFiles><fileName>B58A0306002_0.csv</fileName><fileType>DATA_FILE</fileType></deliveredFiles><deliveredFiles><fileName>B58A0306002_1.csv</fileName><fileType>DATA_FILE</fileType></deliveredFiles></deliveredObjects><deliveredObjects><objectId>B58A0275</objectId><objectType>GWST</objectType><x>184220.0</x><y>373520.0</y><registration_status>REGISTERED</registration_status><deliveredFiles><fileName>B58A0275001_0.csv</fileName><fileType>DATA_FILE</fileType></deliveredFiles><deliveredFiles><fileName>B58A0275001_1.csv</fileName><fileType>DATA_FILE</fileType></deliveredFiles><deliveredFiles><fileName>B58A0275002_0.csv</fileName><fileType>DATA_FILE</fileType></deliveredFiles><deliveredFiles><fileName>B58A0275002_1.csv</fileName><fileType>DATA_FILE</fileType></deliveredFiles></deliveredObjects><deliveredObjects><objectId>B58A0276</objectId><objectType>GWST</objectType><x>183980.0</x><y>374020.0</y><registration_status>REGISTERED</registration_status><deliveredFiles><fileName>B58A0276001_0.csv</fileName><fileType>DATA_FILE</fileType></deliveredFiles><deliveredFiles><fileName>B58A0276001_1.csv</fileName><fileType>DATA_FILE</fileType></deliveredFiles></deliveredObjects><deliveredObjects><objectId>B58A0311</objectId><objectType>GWST</objectType><x>184149.0</x><y>374477.0</y><registration_status>REGISTERED</registration_status><deliveredFiles><fileName>B58A0311001_0.csv</fileName><fileType>DATA_FILE</fileType></deliveredFiles><deliveredFiles><fileName>B58A0311001_1.csv</fileName><fileType>DATA_FILE</fileType></deliveredFiles><deliveredFiles><fileName>B58A0311002_0.csv</fileName><fileType>DATA_FILE</fileType></deliveredFiles><deliveredFiles><fileName>B58A0311002_1.csv</fileName><fileType>DATA_FILE</fileType></deliveredFiles><deliveredFiles><fileName>B58A0311003_0.csv</fileName><fileType>DATA_FILE</fileType></deliveredFiles><deliveredFiles><fileName>B58A0311003_1.csv</fileName><fileType>DATA_FILE</fileType></deliveredFiles></deliveredObjects><deliveredObjects><objectId>B58A0278</objectId><objectType>GWST</objectType><x>183470.0</x><y>374670.0</y><registration_status>REGISTERED</registration_status><deliveredFiles><fileName>B58A0278001_0.csv</fileName><fileType>DATA_FILE</fileType></deliveredFiles><deliveredFiles><fileName>B58A0278001_1.csv</fileName><fileType>DATA_FILE</fileType></deliveredFiles><deliveredFiles><fileName>B58A0278002_0.csv</fileName><fileType>DATA_FILE</fileType></deliveredFiles><deliveredFiles><fileName>B58A0278002_1.csv</fileName><fileType>DATA_FILE</fileType></deliveredFiles></deliveredObjects><deliveredObjects><objectId>B58A0808</objectId><objectType>GWST</objectType><x>183389.0</x><y>374693.0</y><registration_status>REGISTERED</registration_status><deliveredFiles><fileName>B58A0808001_0.csv</fileName><fileType>DATA_FILE</fileType></deliveredFiles><deliveredFiles><fileName>B58A0808001_1.csv</fileName><fileType>DATA_FILE</fileType></deliveredFiles></deliveredObjects><deliveredObjects><objectId>B58A0807</objectId><objectType>GWST</objectType><x>183404.0</x><y>374700.0</y><registration_status>REGISTERED</registration_status><deliveredFiles><fileName>B58A0807001_0.csv</fileName><fileType>DATA_FILE</fileType></deliveredFiles><deliveredFiles><fileName>B58A0807001_1.csv</fileName><fileType>DATA_FILE</fileType></deliveredFiles></deliveredObjects><deliveredObjects><objectId>B58A0812</objectId><objectType>GWST</objectType><x>183726.0</x><y>374756.0</y><registration_status>REGISTERED</registration_status><deliveredFiles><fileName>B58A0812001_0.csv</fileName><fileType>DATA_FILE</fileType></deliveredFiles><deliveredFiles><fileName>B58A0812001_1.csv</fileName><fileType>DATA_FILE</fileType></deliveredFiles></deliveredObjects><deliveredObjects><objectId>B58A0277</objectId><objectType>GWST</objectType><x>184080.0</x><y>374770.0</y><registration_status>REGISTERED</registration_status><deliveredFiles><fileName>B58A0277001_0.csv</fileName><fileType>DATA_FILE</fileType></deliveredFiles><deliveredFiles><fileName>B58A0277001_1.csv</fileName><fileType>DATA_FILE</fileType></deliveredFiles><deliveredFiles><fileName>B58A0277002_0.csv</fileName><fileType>DATA_FILE</fileType></deliveredFiles><deliveredFiles><fileName>B58A0277002_1.csv</fileName><fileType>DATA_FILE</fileType></deliveredFiles></deliveredObjects><deliveredObjects><objectId>B58A0285</objectId><objectType>GWST</objectType><x>183670.0</x><y>374820.0</y><registration_status>REGISTERED</registration_status><deliveredFiles><fileName>B58A0285001_0.csv</fileName><fileType>DATA_FILE</fileType></deliveredFiles><deliveredFiles><fileName>B58A0285001_1.csv</fileName><fileType>DATA_FILE</fileType></deliveredFiles></deliveredObjects><deliveredObjects><objectId>B58A0309</objectId><objectType>GWST</objectType><x>182400.0</x><y>371520.0</y><registration_status>REGISTERED</registration_status><deliveredFiles><fileName>B58A0309001_0.csv</fileName><fileType>DATA_FILE</fileType></deliveredFiles><deliveredFiles><fileName>B58A0309001_1.csv</fileName><fileType>DATA_FILE</fileType></deliveredFiles><deliveredFiles><fileName>B58A0309002_0.csv</fileName><fileType>DATA_FILE</fileType></deliveredFiles><deliveredFiles><fileName>B58A0309002_1.csv</fileName><fileType>DATA_FILE</fileType></deliveredFiles><deliveredFiles><fileName>B58A0309003_0.csv</fileName><fileType>DATA_FILE</fileType></deliveredFiles><deliveredFiles><fileName>B58A0309003_1.csv</fileName><fileType>DATA_FILE</fileType></deliveredFiles><deliveredFiles><fileName>B58A0309004_0.csv</fileName><fileType>DATA_FILE</fileType></deliveredFiles><deliveredFiles><fileName>B58A0309004_1.csv</fileName><fileType>DATA_FILE</fileType></deliveredFiles></deliveredObjects><deliveredObjects><objectId>B58A0247</objectId><objectType>GWST</objectType><x>182610.0</x><y>372450.0</y><registration_status>REGISTERED</registration_status><deliveredFiles><fileName>B58A0247001_0.csv</fileName><fileType>DATA_FILE</fileType></deliveredFiles><deliveredFiles><fileName>B58A0247001_1.csv</fileName><fileType>DATA_FILE</fileType></deliveredFiles><deliveredFiles><fileName>B58A0247002_0.csv</fileName><fileType>DATA_FILE</fileType></deliveredFiles><deliveredFiles><fileName>B58A0247002_1.csv</fileName><fileType>DATA_FILE</fileType></deliveredFiles></deliveredObjects><deliveredObjects><objectId>B58A0251</objectId><objectType>GWST</objectType><x>183200.0</x><y>372620.0</y><registration_status>REGISTERED</registration_status><deliveredFiles><fileName>B58A0251001_0.csv</fileName><fileType>DATA_FILE</fileType></deliveredFiles><deliveredFiles><fileName>B58A0251001_1.csv</fileName><fileType>DATA_FILE</fileType></deliveredFiles></deliveredObjects><deliveredObjects><objectId>B58A0662</objectId><objectType>GWST</objectType><x>183392.0</x><y>371710.0</y><registration_status>REGISTERED</registration_status><deliveredFiles><fileName>B58A0662001_0.csv</fileName><fileType>DATA_FILE</fileType></deliveredFiles><deliveredFiles><fileName>B58A0662001_1.csv</fileName><fileType>DATA_FILE</fileType></deliveredFiles></deliveredObjects><deliveredObjects><objectId>B58A0249</objectId><objectType>GWST</objectType><x>183400.0</x><y>371720.0</y><registration_status>REGISTERED</registration_status><deliveredFiles><fileName>B58A0249001_0.csv</fileName><fileType>DATA_FILE</fileType></deliveredFiles><deliveredFiles><fileName>B58A0249001_1.csv</fileName><fileType>DATA_FILE</fileType></deliveredFiles><deliveredFiles><fileName>B58A0249002_0.csv</fileName><fileType>DATA_FILE</fileType></deliveredFiles><deliveredFiles><fileName>B58A0249002_1.csv</fileName><fileType>DATA_FILE</fileType></deliveredFiles></deliveredObjects><deliveredObjects><objectId>B58A0796</objectId><objectType>GWST</objectType><x>183754.0</x><y>370843.0</y><registration_status>REGISTERED</registration_status><deliveredFiles><fileName>B58A0796001_0.csv</fileName><fileType>DATA_FILE</fileType></deliveredFiles><deliveredFiles><fileName>B58A0796001_1.csv</fileName><fileType>DATA_FILE</fileType></deliveredFiles></deliveredObjects><deliveredObjects><objectId>B58A0160</objectId><objectType>GWST</objectType><x>183774.0</x><y>372328.0</y><registration_status>REGISTERED</registration_status><deliveredFiles><fileName>B58A0160001_0.csv</fileName><fileType>DATA_FILE</fileType></deliveredFiles><deliveredFiles><fileName>B58A0160001_1.csv</fileName><fileType>DATA_FILE</fileType></deliveredFiles><deliveredFiles><fileName>B58A0160002_0.csv</fileName><fileType>DATA_FILE</fileType></deliveredFiles><deliveredFiles><fileName>B58A0160002_1.csv</fileName><fileType>DATA_FILE</fileType></deliveredFiles><deliveredFiles><fileName>B58A0160003_0.csv</fileName><fileType>DATA_FILE</fileType></deliveredFiles><deliveredFiles><fileName>B58A0160003_1.csv</fileName><fileType>DATA_FILE</fileType></deliveredFiles><deliveredFiles><fileName>B58A0160004_0.csv</fileName><fileType>DATA_FILE</fileType></deliveredFiles><deliveredFiles><fileName>B58A0160004_1.csv</fileName><fileType>DATA_FILE</fileType></deliveredFiles><deliveredFiles><fileName>B58A0160005_0.csv</fileName><fileType>DATA_FILE</fileType></deliveredFiles><deliveredFiles><fileName>B58A0160005_1.csv</fileName><fileType>DATA_FILE</fileType></deliveredFiles><deliveredFiles><fileName>B58A0160006_0.csv</fileName><fileType>DATA_FILE</fileType></deliveredFiles><deliveredFiles><fileName>B58A0160006_1.csv</fileName><fileType>DATA_FILE</fileType></deliveredFiles><deliveredFiles><fileName>B58A0160007_0.csv</fileName><fileType>DATA_FILE</fileType></deliveredFiles><deliveredFiles><fileName>B58A0160007_1.csv</fileName><fileType>DATA_FILE</fileType></deliveredFiles></deliveredObjects><deliveredObjects><objectId>B58A0250</objectId><objectType>GWST</objectType><x>183900.0</x><y>371620.0</y><registration_status>REGISTERED</registration_status><deliveredFiles><fileName>B58A0250001_0.csv</fileName><fileType>DATA_FILE</fileType></deliveredFiles><deliveredFiles><fileName>B58A0250001_1.csv</fileName><fileType>DATA_FILE</fileType></deliveredFiles><deliveredFiles><fileName>B58A0250002_0.csv</fileName><fileType>DATA_FILE</fileType></deliveredFiles><deliveredFiles><fileName>B58A0250002_1.csv</fileName><fileType>DATA_FILE</fileType></deliveredFiles></deliveredObjects><deliveredObjects><objectId>B58A0214</objectId><objectType>GWST</objectType><x>184000.0</x><y>372420.0</y><registration_status>REGISTERED</registration_status><deliveredFiles><fileName>B58A0214001_0.csv</fileName><fileType>DATA_FILE</fileType></deliveredFiles><deliveredFiles><fileName>B58A0214001_1.csv</fileName><fileType>DATA_FILE</fileType></deliveredFiles></deliveredObjects><deliveredObjects><objectId>B58A0280</objectId><objectType>GWST</objectType><x>184000.0</x><y>372420.0</y><registration_status>REGISTERED</registration_status><deliveredFiles><fileName>B58A0280001_0.csv</fileName><fileType>DATA_FILE</fileType></deliveredFiles><deliveredFiles><fileName>B58A0280001_1.csv</fileName><fileType>DATA_FILE</fileType></deliveredFiles></deliveredObjects><deliveredObjects><objectId>B58A0215</objectId><objectType>GWST</objectType><x>184030.0</x><y>370920.0</y><registration_status>REGISTERED</registration_status><deliveredFiles><fileName>B58A0215001_0.csv</fileName><fileType>DATA_FILE</fileType></deliveredFiles><deliveredFiles><fileName>B58A0215001_1.csv</fileName><fileType>DATA_FILE</fileType></deliveredFiles></deliveredObjects><deliveredObjects><objectId>B58A0279</objectId><objectType>GWST</objectType><x>184030.0</x><y>370920.0</y><registration_status>REGISTERED</registration_status><deliveredFiles><fileName>B58A0279001_0.csv</fileName><fileType>DATA_FILE</fileType></deliveredFiles><deliveredFiles><fileName>B58A0279001_1.csv</fileName><fileType>DATA_FILE</fileType></deliveredFiles></deliveredObjects><deliveredObjects><objectId>B58A0243</objectId><objectType>GWST</objectType><x>184110.0</x><y>370930.0</y><registration_status>REGISTERED</registration_status><deliveredFiles><fileName>B58A0243001_0.csv</fileName><fileType>DATA_FILE</fileType></deliveredFiles><deliveredFiles><fileName>B58A0243001_1.csv</fileName><fileType>DATA_FILE</fileType></deliveredFiles></deliveredObjects><deliveredObjects><objectId>B58A0253</objectId><objectType>GWST</objectType><x>184180.0</x><y>372220.0</y><registration_status>REGISTERED</registration_status><deliveredFiles><fileName>B58A0253001_0.csv</fileName><fileType>DATA_FILE</fileType></deliveredFiles><deliveredFiles><fileName>B58A0253001_1.csv</fileName><fileType>DATA_FILE</fileType></deliveredFiles><deliveredFiles><fileName>B58A0253002_0.csv</fileName><fileType>DATA_FILE</fileType></deliveredFiles><deliveredFiles><fileName>B58A0253002_1.csv</fileName><fileType>DATA_FILE</fileType></deliveredFiles></deliveredObjects><deliveredObjects><objectId>B58A0256</objectId><objectType>GWST</objectType><x>184200.0</x><y>372570.0</y><registration_status>REGISTERED</registration_status><deliveredFiles><fileName>B58A0256001_0.csv</fileName><fileType>DATA_FILE</fileType></deliveredFiles><deliveredFiles><fileName>B58A0256001_1.csv</fileName><fileType>DATA_FILE</fileType></deliveredFiles><deliveredFiles><fileName>B58A0256002_0.csv</fileName><fileType>DATA_FILE</fileType></deliveredFiles><deliveredFiles><fileName>B58A0256002_1.csv</fileName><fileType>DATA_FILE</fileType></deliveredFiles><deliveredFiles><fileName>B58A0256003_0.csv</fileName><fileType>DATA_FILE</fileType></deliveredFiles><deliveredFiles><fileName>B58A0256003_1.csv</fileName><fileType>DATA_FILE</fileType></deliveredFiles></deliveredObjects><deliveredObjects><objectId>B58A0310</objectId><objectType>GWST</objectType><x>184230.0</x><y>371780.0</y><registration_status>REGISTERED</registration_status><deliveredFiles><fileName>B58A0310001_0.csv</fileName><fileType>DATA_FILE</fileType></deliveredFiles><deliveredFiles><fileName>B58A0310001_1.csv</fileName><fileType>DATA_FILE</fileType></deliveredFiles><deliveredFiles><fileName>B58A0310002_0.csv</fileName><fileType>DATA_FILE</fileType></deliveredFiles><deliveredFiles><fileName>B58A0310002_1.csv</fileName><fileType>DATA_FILE</fileType></deliveredFiles><deliveredFiles><fileName>B58A0310003_0.csv</fileName><fileType>DATA_FILE</fileType></deliveredFiles><deliveredFiles><fileName>B58A0310003_1.csv</fileName><fileType>DATA_FILE</fileType></deliveredFiles></deliveredObjects><deliveredObjects><objectId>B58A0803</objectId><objectType>GWST</objectType><x>181985.0</x><y>372773.0</y><registration_status>REGISTERED</registration_status><deliveredFiles><fileName>B58A0803001_0.csv</fileName><fileType>DATA_FILE</fileType></deliveredFiles><deliveredFiles><fileName>B58A0803001_1.csv</fileName><fileType>DATA_FILE</fileType></deliveredFiles></deliveredObjects><deliveredObjects><objectId>B58A0802</objectId><objectType>GWST</objectType><x>181985.0</x><y>372774.0</y><registration_status>REGISTERED</registration_status><deliveredFiles><fileName>B58A0802001_0.csv</fileName><fileType>DATA_FILE</fileType></deliveredFiles><deliveredFiles><fileName>B58A0802001_1.csv</fileName><fileType>DATA_FILE</fileType></deliveredFiles></deliveredObjects><deliveredObjects><objectId>B58A0804</objectId><objectType>GWST</objectType><x>181985.0</x><y>372776.0</y><registration_status>REGISTERED</registration_status><deliveredFiles><fileName>B58A0804001_0.csv</fileName><fileType>DATA_FILE</fileType></deliveredFiles><deliveredFiles><fileName>B58A0804001_1.csv</fileName><fileType>DATA_FILE</fileType></deliveredFiles></deliveredObjects><deliveredObjects><objectId>B58A0810</objectId><objectType>GWST</objectType><x>182129.0</x><y>373622.0</y><registration_status>REGISTERED</registration_status><deliveredFiles><fileName>B58A0810001_0.csv</fileName><fileType>DATA_FILE</fileType></deliveredFiles><deliveredFiles><fileName>B58A0810001_1.csv</fileName><fileType>DATA_FILE</fileType></deliveredFiles></deliveredObjects><deliveredObjects><objectId>B58A0809</objectId><objectType>GWST</objectType><x>181830.0</x><y>372522.0</y><registration_status>REGISTERED</registration_status><deliveredFiles><fileName>B58A0809001_0.csv</fileName><fileType>DATA_FILE</fileType></deliveredFiles><deliveredFiles><fileName>B58A0809001_1.csv</fileName><fileType>DATA_FILE</fileType></deliveredFiles></deliveredObjects><deliveredObjects><objectId>B58A0296</objectId><objectType>GWST</objectType><x>181900.0</x><y>370860.0</y><registration_status>REGISTERED</registration_status><deliveredFiles><fileName>B58A0296001_0.csv</fileName><fileType>DATA_FILE</fileType></deliveredFiles><deliveredFiles><fileName>B58A0296001_1.csv</fileName><fileType>DATA_FILE</fileType></deliveredFiles></deliveredObjects><deliveredObjects><objectId>B58A0805</objectId><objectType>GWST</objectType><x>181949.0</x><y>372890.0</y><registration_status>REGISTERED</registration_status><deliveredFiles><fileName>B58A0805001_0.csv</fileName><fileType>DATA_FILE</fileType></deliveredFiles><deliveredFiles><fileName>B58A0805001_1.csv</fileName><fileType>DATA_FILE</fileType></deliveredFiles></deliveredObjects><deliveredObjects><objectId>B58A0806</objectId><objectType>GWST</objectType><x>182046.0</x><y>372705.0</y><registration_status>REGISTERED</registration_status><deliveredFiles><fileName>B58A0806001_0.csv</fileName><fileType>DATA_FILE</fileType></deliveredFiles><deliveredFiles><fileName>B58A0806001_1.csv</fileName><fileType>DATA_FILE</fileType></deliveredFiles></deliveredObjects><deliveredObjects><objectId>B58A0293</objectId><objectType>GWST</objectType><x>182150.0</x><y>372180.0</y><registration_status>REGISTERED</registration_status><deliveredFiles><fileName>B58A0293001_0.csv</fileName><fileType>DATA_FILE</fileType></deliveredFiles><deliveredFiles><fileName>B58A0293001_1.csv</fileName><fileType>DATA_FILE</fileType></deliveredFiles></deliveredObjects><deliveredObjects><objectId>P58A0041</objectId><objectType>OWST</objectType><x>186240.0</x><y>373900.0</y><registration_status>REGISTERED</registration_status><deliveredFiles><fileName>P58A0041.csv</fileName><fileType>DATA_FILE</fileType></deliveredFiles></deliveredObjects><deliveredObjects><objectId>P58A0054</objectId><objectType>OWST</objectType><x>186370.0</x><y>373590.0</y><registration_status>REGISTERED</registration_status><deliveredFiles><fileName>P58A0054.csv</fileName><fileType>DATA_FILE</fileType></deliveredFiles></deliveredObjects><deliveredObjects><objectId>P58A0026</objectId><objectType>OWST</objectType><x>186370.0</x><y>373590.0</y><registration_status>REGISTERED</registration_status><deliveredFiles><fileName>P58A0026.csv</fileName><fileType>DATA_FILE</fileType></deliveredFiles></deliveredObjects><deliveredObjects><objectId>P58A0055</objectId><objectType>OWST</objectType><x>186380.0</x><y>373570.0</y><registration_status>REGISTERED</registration_status><deliveredFiles><fileName>P58A0055.csv</fileName><fileType>DATA_FILE</fileType></deliveredFiles></deliveredObjects><deliveredObjects><objectId>P58A0027</objectId><objectType>OWST</objectType><x>186380.0</x><y>373570.0</y><registration_status>REGISTERED</registration_status><deliveredFiles><fileName>P58A0027.csv</fileName><fileType>DATA_FILE</fileType></deliveredFiles></deliveredObjects><deliveredObjects><objectId>P58A0080</objectId><objectType>OWST</objectType><x>186699.0</x><y>373617.0</y><registration_status>REGISTERED</registration_status><deliveredFiles><fileName>P58A0080.csv</fileName><fileType>DATA_FILE</fileType></deliveredFiles></deliveredObjects><deliveredObjects><objectId>P58A0050</objectId><objectType>OWST</objectType><x>186720.0</x><y>373590.0</y><registration_status>REGISTERED</registration_status><deliveredFiles><fileName>P58A0050.csv</fileName><fileType>DATA_FILE</fileType></deliveredFiles></deliveredObjects><deliveredObjects><objectId>P58A0030</objectId><objectType>OWST</objectType><x>186860.0</x><y>374360.0</y><registration_status>REGISTERED</registration_status><deliveredFiles><fileName>P58A0030.csv</fileName><fileType>DATA_FILE</fileType></deliveredFiles></deliveredObjects><deliveredObjects><objectId>P58A0083</objectId><objectType>OWST</objectType><x>187028.0</x><y>373347.0</y><registration_status>REGISTERED</registration_status><deliveredFiles><fileName>P58A0083.csv</fileName><fileType>DATA_FILE</fileType></deliveredFiles></deliveredObjects><deliveredObjects><objectId>P58A0091</objectId><objectType>OWST</objectType><x>187395.0</x><y>373733.0</y><registration_status>REGISTERED</registration_status><deliveredFiles><fileName>P58A0091.csv</fileName><fileType>DATA_FILE</fileType></deliveredFiles></deliveredObjects><deliveredObjects><objectId>P58A0090</objectId><objectType>OWST</objectType><x>187400.0</x><y>373714.0</y><registration_status>REGISTERED</registration_status><deliveredFiles><fileName>P58A0090.csv</fileName><fileType>DATA_FILE</fileType></deliveredFiles></deliveredObjects><deliveredObjects><objectId>P58A0029</objectId><objectType>OWST</objectType><x>187400.0</x><y>373730.0</y><registration_status>REGISTERED</registration_status><deliveredFiles><fileName>P58A0029.csv</fileName><fileType>DATA_FILE</fileType></deliveredFiles></deliveredObjects><deliveredObjects><objectId>P58A0028</objectId><objectType>OWST</objectType><x>187430.0</x><y>373720.0</y><registration_status>REGISTERED</registration_status><deliveredFiles><fileName>P58A0028.csv</fileName><fileType>DATA_FILE</fileType></deliveredFiles></deliveredObjects><deliveredObjects><objectId>P58A0084</objectId><objectType>OWST</objectType><x>184100.0</x><y>374363.0</y><registration_status>REGISTERED</registration_status><deliveredFiles><fileName>P58A0084.csv</fileName><fileType>DATA_FILE</fileType></deliveredFiles></deliveredObjects><deliveredObjects><objectId>P58A0021</objectId><objectType>OWST</objectType><x>184120.0</x><y>374320.0</y><registration_status>REGISTERED</registration_status><deliveredFiles><fileName>P58A0021.csv</fileName><fileType>DATA_FILE</fileType></deliveredFiles></deliveredObjects><deliveredObjects><objectId>P58A0022</objectId><objectType>OWST</objectType><x>184150.0</x><y>374340.0</y><registration_status>REGISTERED</registration_status><deliveredFiles><fileName>P58A0022.csv</fileName><fileType>DATA_FILE</fileType></deliveredFiles></deliveredObjects><deliveredObjects><objectId>P58A0086</objectId><objectType>OWST</objectType><x>184301.0</x><y>374608.0</y><registration_status>REGISTERED</registration_status><deliveredFiles><fileName>P58A0086.csv</fileName><fileType>DATA_FILE</fileType></deliveredFiles></deliveredObjects><deliveredObjects><objectId>P58A0118</objectId><objectType>OWST</objectType><x>184306.0</x><y>374600.0</y><registration_status>REGISTERED</registration_status><deliveredFiles><fileName>P58A0118.csv</fileName><fileType>DATA_FILE</fileType></deliveredFiles></deliveredObjects><deliveredObjects><objectId>P58A0049</objectId><objectType>OWST</objectType><x>184490.0</x><y>373990.0</y><registration_status>REGISTERED</registration_status><deliveredFiles><fileName>P58A0049.csv</fileName><fileType>DATA_FILE</fileType></deliveredFiles></deliveredObjects><deliveredObjects><objectId>P58A0039</objectId><objectType>OWST</objectType><x>184521.0</x><y>373987.0</y><registration_status>REGISTERED</registration_status><deliveredFiles><fileName>P58A0039.csv</fileName><fileType>DATA_FILE</fileType></deliveredFiles></deliveredObjects><deliveredObjects><objectId>P58A0038</objectId><objectType>OWST</objectType><x>184591.0</x><y>373344.0</y><registration_status>REGISTERED</registration_status><deliveredFiles><fileName>P58A0038.csv</fileName><fileType>DATA_FILE</fileType></deliveredFiles></deliveredObjects><deliveredObjects><objectId>P58A0065</objectId><objectType>OWST</objectType><x>184650.0</x><y>373280.0</y><registration_status>REGISTERED</registration_status><deliveredFiles><fileName>P58A0065.csv</fileName><fileType>DATA_FILE</fileType></deliveredFiles></deliveredObjects><deliveredObjects><objectId>P58A0085</objectId><objectType>OWST</objectType><x>185046.0</x><y>374422.0</y><registration_status>REGISTERED</registration_status><deliveredFiles><fileName>P58A0085.csv</fileName><fileType>DATA_FILE</fileType></deliveredFiles></deliveredObjects><deliveredObjects><objectId>P58A0023</objectId><objectType>OWST</objectType><x>185080.0</x><y>374430.0</y><registration_status>REGISTERED</registration_status><deliveredFiles><fileName>P58A0023.csv</fileName><fileType>DATA_FILE</fileType></deliveredFiles></deliveredObjects><deliveredObjects><objectId>P58A0116</objectId><objectType>OWST</objectType><x>185158.0</x><y>374007.0</y><registration_status>REGISTERED</registration_status><deliveredFiles><fileName>P58A0116.csv</fileName><fileType>DATA_FILE</fileType></deliveredFiles></deliveredObjects><deliveredObjects><objectId>P58A0081</objectId><objectType>OWST</objectType><x>185562.0</x><y>374029.0</y><registration_status>REGISTERED</registration_status><deliveredFiles><fileName>P58A0081.csv</fileName><fileType>DATA_FILE</fileType></deliveredFiles></deliveredObjects><deliveredObjects><objectId>P58A0113</objectId><objectType>OWST</objectType><x>185679.0</x><y>373369.0</y><registration_status>REGISTERED</registration_status><deliveredFiles><fileName>P58A0113.csv</fileName><fileType>DATA_FILE</fileType></deliveredFiles></deliveredObjects><deliveredObjects><objectId>P58A0088</objectId><objectType>OWST</objectType><x>185761.0</x><y>374193.0</y><registration_status>REGISTERED</registration_status><deliveredFiles><fileName>P58A0088.csv</fileName><fileType>DATA_FILE</fileType></deliveredFiles></deliveredObjects><deliveredObjects><objectId>P58A0110</objectId><objectType>OWST</objectType><x>185786.0</x><y>374420.0</y><registration_status>REGISTERED</registration_status><deliveredFiles><fileName>P58A0110.csv</fileName><fileType>DATA_FILE</fileType></deliveredFiles></deliveredObjects><deliveredObjects><objectId>P58A0031</objectId><objectType>OWST</objectType><x>185830.0</x><y>374670.0</y><registration_status>REGISTERED</registration_status><deliveredFiles><fileName>P58A0031.csv</fileName><fileType>DATA_FILE</fileType></deliveredFiles></deliveredObjects><deliveredObjects><objectId>P58A0089</objectId><objectType>OWST</objectType><x>185835.0</x><y>374443.0</y><registration_status>REGISTERED</registration_status><deliveredFiles><fileName>P58A0089.csv</fileName><fileType>DATA_FILE</fileType></deliveredFiles></deliveredObjects><deliveredObjects><objectId>P58A0025</objectId><objectType>OWST</objectType><x>186050.0</x><y>373670.0</y><registration_status>REGISTERED</registration_status><deliveredFiles><fileName>P58A0025.csv</fileName><fileType>DATA_FILE</fileType></deliveredFiles></deliveredObjects><deliveredObjects><objectId>P58A0053</objectId><objectType>OWST</objectType><x>186050.0</x><y>373670.0</y><registration_status>REGISTERED</registration_status><deliveredFiles><fileName>P58A0053.csv</fileName><fileType>DATA_FILE</fileType></deliveredFiles></deliveredObjects><deliveredObjects><objectId>P58A0042</objectId><objectType>OWST</objectType><x>186122.0</x><y>374116.0</y><registration_status>REGISTERED</registration_status><deliveredFiles><fileName>P58A0042.csv</fileName><fileType>DATA_FILE</fileType></deliveredFiles></deliveredObjects><deliveredObjects><objectId>P58A0117</objectId><objectType>OWST</objectType><x>183430.0</x><y>373051.0</y><registration_status>REGISTERED</registration_status><deliveredFiles><fileName>P58A0117.csv</fileName><fileType>DATA_FILE</fileType></deliveredFiles></deliveredObjects><deliveredObjects><objectId>P58A0095</objectId><objectType>OWST</objectType><x>182142.0</x><y>373055.0</y><registration_status>REGISTERED</registration_status><deliveredFiles><fileName>P58A0095.csv</fileName><fileType>DATA_FILE</fileType></deliveredFiles></deliveredObjects><deliveredObjects><objectId>P58A0007</objectId><objectType>OWST</objectType><x>184080.0</x><y>373300.0</y><registration_status>REGISTERED</registration_status><deliveredFiles><fileName>P58A0007.csv</fileName><fileType>DATA_FILE</fileType></deliveredFiles></deliveredObjects><deliveredObjects><objectId>P58A0019</objectId><objectType>OWST</objectType><x>183380.0</x><y>373380.0</y><registration_status>REGISTERED</registration_status><deliveredFiles><fileName>P58A0019.csv</fileName><fileType>DATA_FILE</fileType></deliveredFiles></deliveredObjects><deliveredObjects><objectId>P58A0087</objectId><objectType>OWST</objectType><x>183932.0</x><y>373464.0</y><registration_status>REGISTERED</registration_status><deliveredFiles><fileName>P58A0087.csv</fileName><fileType>DATA_FILE</fileType></deliveredFiles></deliveredObjects><deliveredObjects><objectId>P58A0020</objectId><objectType>OWST</objectType><x>184080.0</x><y>373620.0</y><registration_status>REGISTERED</registration_status><deliveredFiles><fileName>P58A0020.csv</fileName><fileType>DATA_FILE</fileType></deliveredFiles></deliveredObjects><deliveredObjects><objectId>P58A0115</objectId><objectType>OWST</objectType><x>183546.0</x><y>374237.0</y><registration_status>REGISTERED</registration_status><deliveredFiles><fileName>P58A0115.csv</fileName><fileType>DATA_FILE</fileType></deliveredFiles></deliveredObjects><deliveredObjects><objectId>P58A0082</objectId><objectType>OWST</objectType><x>184037.0</x><y>374443.0</y><registration_status>REGISTERED</registration_status><deliveredFiles><fileName>P58A0082.csv</fileName><fileType>DATA_FILE</fileType></deliveredFiles></deliveredObjects><deliveredObjects><objectId>P58A0096</objectId><objectType>OWST</objectType><x>183457.0</x><y>374778.0</y><registration_status>REGISTERED</registration_status><deliveredFiles><fileName>P58A0096.csv</fileName><fileType>DATA_FILE</fileType></deliveredFiles></deliveredObjects><deliveredObjects><objectId>P58A0040</objectId><objectType>OWST</objectType><x>183630.0</x><y>374780.0</y><registration_status>REGISTERED</registration_status><deliveredFiles><fileName>P58A0040.csv</fileName><fileType>DATA_FILE</fileType></deliveredFiles></deliveredObjects><deliveredObjects><objectId>P58A0112</objectId><objectType>OWST</objectType><x>183305.0</x><y>372901.0</y><registration_status>REGISTERED</registration_status><deliveredFiles><fileName>P58A0112.csv</fileName><fileType>DATA_FILE</fileType></deliveredFiles></deliveredObjects><deliveredObjects><objectId>P58A0047</objectId><objectType>OWST</objectType><x>183390.0</x><y>372520.0</y><registration_status>REGISTERED</registration_status><deliveredFiles><fileName>P58A0047.csv</fileName><fileType>DATA_FILE</fileType></deliveredFiles></deliveredObjects><deliveredObjects><objectId>P58A0001</objectId><objectType>OWST</objectType><x>183740.0</x><y>373030.0</y><registration_status>REGISTERED</registration_status><deliveredFiles><fileName>P58A0001.csv</fileName><fileType>DATA_FILE</fileType></deliveredFiles></deliveredObjects><deliveredObjects><objectId>P58A0048</objectId><objectType>OWST</objectType><x>183760.0</x><y>373040.0</y><registration_status>REGISTERED</registration_status><deliveredFiles><fileName>P58A0048.csv</fileName><fileType>DATA_FILE</fileType></deliveredFiles></deliveredObjects><deliveredObjects><objectId>P58A0005</objectId><objectType>OWST</objectType><x>183900.0</x><y>371880.0</y><registration_status>REGISTERED</registration_status><deliveredFiles><fileName>P58A0005.csv</fileName><fileType>DATA_FILE</fileType></deliveredFiles></deliveredObjects><deliveredObjects><objectId>P58A0046</objectId><objectType>OWST</objectType><x>183980.0</x><y>372460.0</y><registration_status>REGISTERED</registration_status><deliveredFiles><fileName>P58A0046.csv</fileName><fileType>DATA_FILE</fileType></deliveredFiles></deliveredObjects><deliveredObjects><objectId>P58A0002</objectId><objectType>OWST</objectType><x>183990.0</x><y>372460.0</y><registration_status>REGISTERED</registration_status><deliveredFiles><fileName>P58A0002.csv</fileName><fileType>DATA_FILE</fileType></deliveredFiles></deliveredObjects><deliveredObjects><objectId>P58A0006</objectId><objectType>OWST</objectType><x>184050.0</x><y>372260.0</y><registration_status>REGISTERED</registration_status><deliveredFiles><fileName>P58A0006.csv</fileName><fileType>DATA_FILE</fileType></deliveredFiles></deliveredObjects><deliveredObjects><objectId>P58A0093</objectId><objectType>OWST</objectType><x>184180.0</x><y>371875.0</y><registration_status>REGISTERED</registration_status><deliveredFiles><fileName>P58A0093.csv</fileName><fileType>DATA_FILE</fileType></deliveredFiles></deliveredObjects><deliveredObjects><objectId>P58A0094</objectId><objectType>OWST</objectType><x>184196.0</x><y>371880.0</y><registration_status>REGISTERED</registration_status><deliveredFiles><fileName>P58A0094.csv</fileName><fileType>DATA_FILE</fileType></deliveredFiles></deliveredObjects><deliveredObjects><objectId>P58A0109</objectId><objectType>OWST</objectType><x>184228.0</x><y>372869.0</y><registration_status>REGISTERED</registration_status><deliveredFiles><fileName>P58A0109.csv</fileName><fileType>DATA_FILE</fileType></deliveredFiles></deliveredObjects><deliveredObjects><objectId>P58A0062</objectId><objectType>OWST</objectType><x>184450.0</x><y>372570.0</y><registration_status>REGISTERED</registration_status><deliveredFiles><fileName>P58A0062.csv</fileName><fileType>DATA_FILE</fileType></deliveredFiles></deliveredObjects><deliveredObjects><objectId>P58A0060</objectId><objectType>OWST</objectType><x>184450.0</x><y>372570.0</y><registration_status>REGISTERED</registration_status><deliveredFiles><fileName>P58A0060.csv</fileName><fileType>DATA_FILE</fileType></deliveredFiles></deliveredObjects><deliveredObjects><objectId>P58A0061</objectId><objectType>OWST</objectType><x>184480.0</x><y>372490.0</y><registration_status>REGISTERED</registration_status><deliveredFiles><fileName>P58A0061.csv</fileName><fileType>DATA_FILE</fileType></deliveredFiles></deliveredObjects><deliveredObjects><objectId>P58A0010</objectId><objectType>OWST</objectType><x>184830.0</x><y>371730.0</y><registration_status>REGISTERED</registration_status><deliveredFiles><fileName>P58A0010.csv</fileName><fileType>DATA_FILE</fileType></deliveredFiles></deliveredObjects><deliveredObjects><objectId>P58A0011</objectId><objectType>OWST</objectType><x>185000.0</x><y>372350.0</y><registration_status>REGISTERED</registration_status><deliveredFiles><fileName>P58A0011.csv</fileName><fileType>DATA_FILE</fileType></deliveredFiles></deliveredObjects><deliveredObjects><objectId>P58A0012</objectId><objectType>OWST</objectType><x>185200.0</x><y>372370.0</y><registration_status>REGISTERED</registration_status><deliveredFiles><fileName>P58A0012.csv</fileName><fileType>DATA_FILE</fileType></deliveredFiles></deliveredObjects><deliveredObjects><objectId>P58A0013</objectId><objectType>OWST</objectType><x>185220.0</x><y>372550.0</y><registration_status>REGISTERED</registration_status><deliveredFiles><fileName>P58A0013.csv</fileName><fileType>DATA_FILE</fileType></deliveredFiles></deliveredObjects><deliveredObjects><objectId>P58A0014</objectId><objectType>OWST</objectType><x>185240.0</x><y>372570.0</y><registration_status>REGISTERED</registration_status><deliveredFiles><fileName>P58A0014.csv</fileName><fileType>DATA_FILE</fileType></deliveredFiles></deliveredObjects><deliveredObjects><objectId>P58A0092</objectId><objectType>OWST</objectType><x>185255.0</x><y>372545.0</y><registration_status>REGISTERED</registration_status><deliveredFiles><fileName>P58A0092.csv</fileName><fileType>DATA_FILE</fileType></deliveredFiles></deliveredObjects><deliveredObjects><objectId>P58A0119</objectId><objectType>OWST</objectType><x>184608.0</x><y>370684.0</y><registration_status>REGISTERED</registration_status><deliveredFiles><fileName>P58A0119.csv</fileName><fileType>DATA_FILE</fileType></deliveredFiles></deliveredObjects><deliveredObjects><objectId>P58A0114</objectId><objectType>OWST</objectType><x>184534.0</x><y>370865.0</y><registration_status>REGISTERED</registration_status><deliveredFiles><fileName>P58A0114.csv</fileName><fileType>DATA_FILE</fileType></deliveredFiles></deliveredObjects><deliveredObjects><objectId>P58A0003</objectId><objectType>OWST</objectType><x>184190.0</x><y>370970.0</y><registration_status>REGISTERED</registration_status><deliveredFiles><fileName>P58A0003.csv</fileName><fileType>DATA_FILE</fileType></deliveredFiles></deliveredObjects><deliveredObjects><objectId>P58A0044</objectId><objectType>OWST</objectType><x>183960.0</x><y>371087.0</y><registration_status>REGISTERED</registration_status><deliveredFiles><fileName>P58A0044.csv</fileName><fileType>DATA_FILE</fileType></deliveredFiles></deliveredObjects><deliveredObjects><objectId>P58A0033</objectId><objectType>OWST</objectType><x>183310.0</x><y>371210.0</y><registration_status>REGISTERED</registration_status><deliveredFiles><fileName>P58A0033.csv</fileName><fileType>DATA_FILE</fileType></deliveredFiles></deliveredObjects><deliveredObjects><objectId>P58A0111</objectId><objectType>OWST</objectType><x>184084.0</x><y>371321.0</y><registration_status>REGISTERED</registration_status><deliveredFiles><fileName>P58A0111.csv</fileName><fileType>DATA_FILE</fileType></deliveredFiles></deliveredObjects><deliveredObjects><objectId>P58A0008</objectId><objectType>OWST</objectType><x>184530.0</x><y>371500.0</y><registration_status>REGISTERED</registration_status><deliveredFiles><fileName>P58A0008.csv</fileName><fileType>DATA_FILE</fileType></deliveredFiles></deliveredObjects><deliveredObjects><objectId>P58A0036</objectId><objectType>OWST</objectType><x>184520.0</x><y>371510.0</y><registration_status>REGISTERED</registration_status><deliveredFiles><fileName>P58A0036.csv</fileName><fileType>DATA_FILE</fileType></deliveredFiles></deliveredObjects><deliveredObjects><objectId>P58A0045</objectId><objectType>OWST</objectType><x>184550.0</x><y>371540.0</y><registration_status>REGISTERED</registration_status><deliveredFiles><fileName>P58A0045.csv</fileName><fileType>DATA_FILE</fileType></deliveredFiles></deliveredObjects><deliveredObjects><objectId>P58A0009</objectId><objectType>OWST</objectType><x>184800.0</x><y>371710.0</y><registration_status>REGISTERED</registration_status><deliveredFiles><fileName>P58A0009.csv</fileName><fileType>DATA_FILE</fileType></deliveredFiles></deliveredObjects><deliveredObjects><objectId>P58A0108</objectId><objectType>OWST</objectType><x>185413.0</x><y>373126.0</y><registration_status>REGISTERED</registration_status><deliveredFiles><fileName>P58A0108.csv</fileName><fileType>DATA_FILE</fileType></deliveredFiles></deliveredObjects><deliveredObjects><objectId>P58A0024</objectId><objectType>OWST</objectType><x>185480.0</x><y>373120.0</y><registration_status>REGISTERED</registration_status><deliveredFiles><fileName>P58A0024.csv</fileName><fileType>DATA_FILE</fileType></deliveredFiles></deliveredObjects><deliveredObjects><objectId>P58A0037</objectId><objectType>OWST</objectType><x>185600.0</x><y>372950.0</y><registration_status>REGISTERED</registration_status><deliveredFiles><fileName>P58A0037.csv</fileName><fileType>DATA_FILE</fileType></deliveredFiles></deliveredObjects><deliveredObjects><objectId>P58A0063</objectId><objectType>OWST</objectType><x>185604.0</x><y>372946.0</y><registration_status>REGISTERED</registration_status><deliveredFiles><fileName>P58A0063.csv</fileName><fileType>DATA_FILE</fileType></deliveredFiles></deliveredObjects><deliveredObjects><objectId>P58A0064</objectId><objectType>OWST</objectType><x>185613.0</x><y>372939.0</y><registration_status>REGISTERED</registration_status><deliveredFiles><fileName>P58A0064.csv</fileName><fileType>DATA_FILE</fileType></deliveredFiles></deliveredObjects><deliveredObjects><objectId>P58A0051</objectId><objectType>OWST</objectType><x>186000.0</x><y>372690.0</y><registration_status>REGISTERED</registration_status><deliveredFiles><fileName>P58A0051.csv</fileName><fileType>DATA_FILE</fileType></deliveredFiles></deliveredObjects><deliveredObjects><objectId>P58A0015</objectId><objectType>OWST</objectType><x>186250.0</x><y>372800.0</y><registration_status>REGISTERED</registration_status><deliveredFiles><fileName>P58A0015.csv</fileName><fileType>DATA_FILE</fileType></deliveredFiles></deliveredObjects><deliveredObjects><objectId>P58A0016</objectId><objectType>OWST</objectType><x>186270.0</x><y>372830.0</y><registration_status>REGISTERED</registration_status><deliveredFiles><fileName>P58A0016.csv</fileName><fileType>DATA_FILE</fileType></deliveredFiles></deliveredObjects><deliveredObjects><objectId>P58A0035</objectId><objectType>OWST</objectType><x>182350.0</x><y>372375.0</y><registration_status>REGISTERED</registration_status><deliveredFiles><fileName>P58A0035.csv</fileName><fileType>DATA_FILE</fileType></deliveredFiles></deliveredObjects><deliveredObjects><objectId>P58A0017</objectId><objectType>OWST</objectType><x>182800.0</x><y>372410.0</y><registration_status>REGISTERED</registration_status><deliveredFiles><fileName>P58A0017.csv</fileName><fileType>DATA_FILE</fileType></deliveredFiles></deliveredObjects><deliveredObjects><objectId>P58A0056</objectId><objectType>OWST</objectType><x>182800.0</x><y>372410.0</y><registration_status>REGISTERED</registration_status><deliveredFiles><fileName>P58A0056.csv</fileName><fileType>DATA_FILE</fileType></deliveredFiles></deliveredObjects><deliveredObjects><objectId>P58A0018</objectId><objectType>OWST</objectType><x>183000.0</x><y>372570.0</y><registration_status>REGISTERED</registration_status><deliveredFiles><fileName>P58A0018.csv</fileName><fileType>DATA_FILE</fileType></deliveredFiles></deliveredObjects></packingSlip>